Country,Date,Cumulative_cases,Cases
Alabama,2022-07-15,2,2
Alabama,2022-07-18,2,0
Alabama,2022-07-19,2,0
Alabama,2022-07-21,6,4
Alabama,2022-07-22,4,-2
Alabama,2022-07-25,5,1
Alabama,2022-07-26,5,0
Alabama,2022-07-27,6,1
Alabama,2022-07-28,17,11
Alabama,2022-07-29,16,-1
Alabama,2022-08-03,19,3
Alabama,2022-08-10,24,5
Alabama,2022-08-12,30,6
Alabama,2022-08-15,30,0
Alabama,2022-08-16,30,0
Alabama,2022-08-17,34,4
Alabama,2022-08-18,34,0
Alabama,2022-08-22,47,13
Alabama,2022-08-23,53,6
Alabama,2022-08-24,53,0
Alabama,2022-08-25,53,0
Alabama,2022-08-26,53,0
Alabama,2022-08-30,60,7
Alabama,2022-08-31,69,9
Alabama,2022-09-01,69,0
Alabama,2022-09-02,78,9
Alabama,2022-09-06,78,0
Alabama,2022-09-07,82,4
Alabama,2022-09-08,82,0
Alabama,2022-09-09,82,0
Alabama,2022-09-12,90,8
Alabama,2022-09-13,90,0
Alabama,2022-09-14,90,0
Alabama,2022-09-18,90,0
Alabama,2022-09-19,90,0
Alabama,2022-09-20,105,15
Alabama,2022-09-21,105,0
Alabama,2022-09-23,112,7
Alabama,2022-09-26,115,3
Alabama,2022-09-27,115,0
Alabama,2022-09-28,115,0
Alabama,2022-09-29,115,0
Alabama,2022-10-01,115,0
Alabama,2022-10-03,130,15
Alaska,2022-07-29,1,1
Alaska,2022-08-03,1,0
Alaska,2022-08-10,2,1
Alaska,2022-08-12,2,0
Alaska,2022-08-15,2,0
Alaska,2022-08-16,2,0
Alaska,2022-08-17,2,0
Alaska,2022-08-18,2,0
Alaska,2022-08-22,3,1
Alaska,2022-08-23,3,0
Alaska,2022-08-24,3,0
Alaska,2022-08-25,3,0
Alaska,2022-08-26,3,0
Alaska,2022-08-30,3,0
Alaska,2022-08-31,3,0
Alaska,2022-09-01,3,0
Alaska,2022-09-02,3,0
Alaska,2022-09-06,3,0
Alaska,2022-09-07,3,0
Alaska,2022-09-08,3,0
Alaska,2022-09-09,3,0
Alaska,2022-09-12,3,0
Alaska,2022-09-13,3,0
Alaska,2022-09-14,3,0
Alaska,2022-09-18,3,0
Alaska,2022-09-19,5,2
Alaska,2022-09-20,5,0
Alaska,2022-09-21,5,0
Alaska,2022-09-23,5,0
Alaska,2022-09-26,5,0
Alaska,2022-09-27,5,0
Alaska,2022-09-28,5,0
Alaska,2022-09-29,5,0
Alaska,2022-10-01,5,0
Alaska,2022-10-03,5,0
Arizona,2022-06-08,1,1
Arizona,2022-06-17,1,0
Arizona,2022-06-22,1,0
Arizona,2022-06-28,1,0
Arizona,2022-07-05,1,0
Arizona,2022-07-07,3,2
Arizona,2022-07-15,11,8
Arizona,2022-07-18,12,1
Arizona,2022-07-19,11,-1
Arizona,2022-07-21,22,11
Arizona,2022-07-22,29,7
Arizona,2022-07-25,35,6
Arizona,2022-07-26,35,0
Arizona,2022-07-27,41,6
Arizona,2022-07-28,50,9
Arizona,2022-07-29,50,0
Arizona,2022-08-03,85,35
Arizona,2022-08-10,149,64
Arizona,2022-08-12,170,21
Arizona,2022-08-15,201,31
Arizona,2022-08-16,205,4
Arizona,2022-08-17,213,8
Arizona,2022-08-18,220,7
Arizona,2022-08-22,258,38
Arizona,2022-08-23,270,12
Arizona,2022-08-24,269,-1
Arizona,2022-08-25,271,2
Arizona,2022-08-26,281,10
Arizona,2022-08-30,314,33
Arizona,2022-08-31,317,3
Arizona,2022-09-01,326,9
Arizona,2022-09-02,333,7
Arizona,2022-09-06,341,8
Arizona,2022-09-07,356,15
Arizona,2022-09-08,370,14
Arizona,2022-09-09,374,4
Arizona,2022-09-12,374,0
Arizona,2022-09-13,396,22
Arizona,2022-09-14,399,3
Arizona,2022-09-18,411,12
Arizona,2022-09-19,411,0
Arizona,2022-09-20,426,15
Arizona,2022-09-21,430,4
Arizona,2022-09-23,446,16
Arizona,2022-09-26,459,13
Arizona,2022-09-27,466,7
Arizona,2022-09-28,473,7
Arizona,2022-09-29,473,0
Arizona,2022-10-01,473,0
Arizona,2022-10-03,474,1
Arkansas,2022-07-05,1,1
Arkansas,2022-07-07,1,0
Arkansas,2022-07-15,2,1
Arkansas,2022-07-18,2,0
Arkansas,2022-07-19,1,-1
Arkansas,2022-07-21,3,2
Arkansas,2022-07-22,3,0
Arkansas,2022-07-25,4,1
Arkansas,2022-07-26,4,0
Arkansas,2022-07-27,4,0
Arkansas,2022-07-28,4,0
Arkansas,2022-07-29,4,0
Arkansas,2022-08-03,5,1
Arkansas,2022-08-10,12,7
Arkansas,2022-08-12,15,3
Arkansas,2022-08-15,15,0
Arkansas,2022-08-16,20,5
Arkansas,2022-08-17,21,1
Arkansas,2022-08-18,21,0
Arkansas,2022-08-22,21,0
Arkansas,2022-08-23,23,2
Arkansas,2022-08-24,24,1
Arkansas,2022-08-25,24,0
Arkansas,2022-08-26,28,4
Arkansas,2022-08-30,32,4
Arkansas,2022-08-31,32,0
Arkansas,2022-09-01,36,4
Arkansas,2022-09-02,38,2
Arkansas,2022-09-06,40,2
Arkansas,2022-09-07,43,3
Arkansas,2022-09-08,45,2
Arkansas,2022-09-09,46,1
Arkansas,2022-09-12,49,3
Arkansas,2022-09-13,51,2
Arkansas,2022-09-14,52,1
Arkansas,2022-09-18,54,2
Arkansas,2022-09-19,54,0
Arkansas,2022-09-20,56,2
Arkansas,2022-09-21,56,0
Arkansas,2022-09-23,56,0
Arkansas,2022-09-26,58,2
Arkansas,2022-09-27,58,0
Arkansas,2022-09-28,58,0
Arkansas,2022-09-29,58,0
Arkansas,2022-10-01,58,0
Arkansas,2022-10-03,59,1
California,2022-06-08,8,8
California,2022-06-17,24,16
California,2022-06-22,40,16
California,2022-06-28,66,26
California,2022-07-05,111,45
California,2022-07-07,136,25
California,2022-07-15,266,130
California,2022-07-18,267,1
California,2022-07-19,267,0
California,2022-07-21,356,89
California,2022-07-22,356,0
California,2022-07-25,356,0
California,2022-07-26,356,0
California,2022-07-27,799,443
California,2022-07-28,799,0
California,2022-07-29,799,0
California,2022-08-03,826,27
California,2022-08-10,1892,1066
California,2022-08-12,1945,53
California,2022-08-15,1945,0
California,2022-08-16,1945,0
California,2022-08-17,2356,411
California,2022-08-18,2663,307
California,2022-08-22,2663,0
California,2022-08-23,2663,0
California,2022-08-24,3068,405
California,2022-08-25,3068,0
California,2022-08-26,3291,223
California,2022-08-30,3291,0
California,2022-08-31,3629,338
California,2022-09-01,3629,0
California,2022-09-02,3833,204
California,2022-09-06,3833,0
California,2022-09-07,4140,307
California,2022-09-08,4140,0
California,2022-09-09,4300,160
California,2022-09-12,4300,0
California,2022-09-13,4300,0
California,2022-09-14,4300,0
California,2022-09-18,4656,356
California,2022-09-19,4656,0
California,2022-09-20,4753,97
California,2022-09-21,4753,0
California,2022-09-23,4886,133
California,2022-09-26,4886,0
California,2022-09-27,4886,0
California,2022-09-28,4886,0
California,2022-09-29,4886,0
California,2022-10-01,5010,124
California,2022-10-03,5010,0
Colorado,2022-06-08,3,3
Colorado,2022-06-17,5,2
Colorado,2022-06-22,5,0
Colorado,2022-06-28,7,2
Colorado,2022-07-05,7,0
Colorado,2022-07-07,9,2
Colorado,2022-07-15,20,11
Colorado,2022-07-18,22,2
Colorado,2022-07-19,32,10
Colorado,2022-07-21,31,-1
Colorado,2022-07-22,47,16
Colorado,2022-07-25,53,6
Colorado,2022-07-26,53,0
Colorado,2022-07-27,53,0
Colorado,2022-07-28,53,0
Colorado,2022-07-29,53,0
Colorado,2022-08-03,53,0
Colorado,2022-08-10,111,58
Colorado,2022-08-12,111,0
Colorado,2022-08-15,111,0
Colorado,2022-08-16,155,44
Colorado,2022-08-17,155,0
Colorado,2022-08-18,155,0
Colorado,2022-08-22,155,0
Colorado,2022-08-23,155,0
Colorado,2022-08-24,189,34
Colorado,2022-08-25,189,0
Colorado,2022-08-26,189,0
Colorado,2022-08-30,189,0
Colorado,2022-08-31,198,9
Colorado,2022-09-01,198,0
Colorado,2022-09-02,198,0
Colorado,2022-09-06,198,0
Colorado,2022-09-07,235,37
Colorado,2022-09-08,235,0
Colorado,2022-09-09,235,0
Colorado,2022-09-12,235,0
Colorado,2022-09-13,235,0
Colorado,2022-09-14,235,0
Colorado,2022-09-18,253,18
Colorado,2022-09-19,253,0
Colorado,2022-09-20,253,0
Colorado,2022-09-21,263,10
Colorado,2022-09-23,263,0
Colorado,2022-09-26,263,0
Colorado,2022-09-27,263,0
Colorado,2022-09-28,278,15
Colorado,2022-09-29,278,0
Colorado,2022-10-01,278,0
Colorado,2022-10-03,278,0
Connecticut,2022-07-05,1,1
Connecticut,2022-07-07,1,0
Connecticut,2022-07-15,12,11
Connecticut,2022-07-18,14,2
Connecticut,2022-07-19,13,-1
Connecticut,2022-07-21,16,3
Connecticut,2022-07-22,19,3
Connecticut,2022-07-25,22,3
Connecticut,2022-07-26,24,2
Connecticut,2022-07-27,28,4
Connecticut,2022-07-28,28,0
Connecticut,2022-07-29,33,5
Connecticut,2022-08-03,39,6
Connecticut,2022-08-10,54,15
Connecticut,2022-08-12,59,5
Connecticut,2022-08-15,59,0
Connecticut,2022-08-16,69,10
Connecticut,2022-08-17,71,2
Connecticut,2022-08-18,73,2
Connecticut,2022-08-22,82,9
Connecticut,2022-08-23,83,1
Connecticut,2022-08-24,86,3
Connecticut,2022-08-25,87,1
Connecticut,2022-08-26,89,2
Connecticut,2022-08-30,90,1
Connecticut,2022-08-31,91,1
Connecticut,2022-09-01,93,2
Connecticut,2022-09-02,94,1
Connecticut,2022-09-06,102,8
Connecticut,2022-09-07,104,2
Connecticut,2022-09-08,107,3
Connecticut,2022-09-09,107,0
Connecticut,2022-09-12,113,6
Connecticut,2022-09-13,113,0
Connecticut,2022-09-14,114,1
Connecticut,2022-09-18,120,6
Connecticut,2022-09-19,124,4
Connecticut,2022-09-20,123,-1
Connecticut,2022-09-21,123,0
Connecticut,2022-09-23,124,1
Connecticut,2022-09-26,124,0
Connecticut,2022-09-27,124,0
Connecticut,2022-09-28,125,1
Connecticut,2022-09-29,125,0
Connecticut,2022-10-01,126,1
Connecticut,2022-10-03,126,0
Delaware,2022-07-15,1,1
Delaware,2022-07-18,1,0
Delaware,2022-07-19,1,0
Delaware,2022-07-21,3,2
Delaware,2022-07-22,3,0
Delaware,2022-07-25,3,0
Delaware,2022-07-26,3,0
Delaware,2022-07-27,3,0
Delaware,2022-07-28,3,0
Delaware,2022-07-29,4,1
Delaware,2022-08-03,5,1
Delaware,2022-08-10,8,3
Delaware,2022-08-12,8,0
Delaware,2022-08-15,10,2
Delaware,2022-08-16,10,0
Delaware,2022-08-17,10,0
Delaware,2022-08-18,10,0
Delaware,2022-08-22,17,7
Delaware,2022-08-23,19,2
Delaware,2022-08-24,19,0
Delaware,2022-08-25,20,1
Delaware,2022-08-26,21,1
Delaware,2022-08-30,21,0
Delaware,2022-08-31,22,1
Delaware,2022-09-01,25,3
Delaware,2022-09-02,25,0
Delaware,2022-09-06,26,1
Delaware,2022-09-07,28,2
Delaware,2022-09-08,28,0
Delaware,2022-09-09,29,1
Delaware,2022-09-12,33,4
Delaware,2022-09-13,34,1
Delaware,2022-09-14,35,1
Delaware,2022-09-18,35,0
Delaware,2022-09-19,35,0
Delaware,2022-09-20,35,0
Delaware,2022-09-21,35,0
Delaware,2022-09-23,36,1
Delaware,2022-09-26,36,0
Delaware,2022-09-27,36,0
Delaware,2022-09-28,36,0
Delaware,2022-09-29,37,1
Delaware,2022-10-01,38,1
Delaware,2022-10-03,38,0
District of Columbia,2022-06-08,2,2
District of Columbia,2022-06-17,4,2
District of Columbia,2022-06-22,4,0
District of Columbia,2022-06-28,20,16
District of Columbia,2022-07-05,53,33
District of Columbia,2022-07-07,60,7
District of Columbia,2022-07-15,108,48
District of Columbia,2022-07-18,108,0
District of Columbia,2022-07-19,126,18
District of Columbia,2022-07-21,110,-16
District of Columbia,2022-07-22,110,0
District of Columbia,2022-07-25,139,29
District of Columbia,2022-07-26,191,52
District of Columbia,2022-07-27,205,14
District of Columbia,2022-07-28,214,9
District of Columbia,2022-07-29,218,4
District of Columbia,2022-08-03,257,39
District of Columbia,2022-08-10,319,62
District of Columbia,2022-08-12,328,9
District of Columbia,2022-08-15,342,14
District of Columbia,2022-08-16,344,2
District of Columbia,2022-08-17,351,7
District of Columbia,2022-08-18,351,0
District of Columbia,2022-08-22,372,21
District of Columbia,2022-08-23,402,30
District of Columbia,2022-08-24,402,0
District of Columbia,2022-08-25,414,12
District of Columbia,2022-08-26,414,0
District of Columbia,2022-08-30,432,18
District of Columbia,2022-08-31,432,0
District of Columbia,2022-09-01,432,0
District of Columbia,2022-09-02,432,0
District of Columbia,2022-09-06,436,4
District of Columbia,2022-09-07,436,0
District of Columbia,2022-09-08,448,12
District of Columbia,2022-09-09,457,9
District of Columbia,2022-09-12,457,0
District of Columbia,2022-09-13,467,10
District of Columbia,2022-09-14,473,6
District of Columbia,2022-09-18,477,4
District of Columbia,2022-09-19,484,7
District of Columbia,2022-09-20,488,4
District of Columbia,2022-09-21,488,0
District of Columbia,2022-09-23,494,6
District of Columbia,2022-09-26,494,0
District of Columbia,2022-09-27,496,2
District of Columbia,2022-09-28,495,-1
District of Columbia,2022-09-29,497,2
District of Columbia,2022-10-01,497,0
District of Columbia,2022-10-03,497,0
Florida,2022-06-08,4,4
Florida,2022-06-17,10,6
Florida,2022-06-22,16,6
Florida,2022-06-28,27,11
Florida,2022-07-05,64,37
Florida,2022-07-07,72,8
Florida,2022-07-15,154,82
Florida,2022-07-18,180,26
Florida,2022-07-19,180,0
Florida,2022-07-21,226,46
Florida,2022-07-22,247,21
Florida,2022-07-25,273,26
Florida,2022-07-26,309,36
Florida,2022-07-27,332,23
Florida,2022-07-28,346,14
Florida,2022-07-29,373,27
Florida,2022-08-03,525,152
Florida,2022-08-10,1018,493
Florida,2022-08-12,1085,67
Florida,2022-08-15,1085,0
Florida,2022-08-16,1268,183
Florida,2022-08-17,1346,78
Florida,2022-08-18,1372,26
Florida,2022-08-22,1588,216
Florida,2022-08-23,1638,50
Florida,2022-08-24,1669,31
Florida,2022-08-25,1713,44
Florida,2022-08-26,1739,26
Florida,2022-08-30,1870,131
Florida,2022-08-31,1922,52
Florida,2022-09-01,1957,35
Florida,2022-09-02,1991,34
Florida,2022-09-06,2126,135
Florida,2022-09-07,2148,22
Florida,2022-09-08,2158,10
Florida,2022-09-09,2193,35
Florida,2022-09-12,2193,0
Florida,2022-09-13,2282,89
Florida,2022-09-14,2301,19
Florida,2022-09-18,2352,51
Florida,2022-09-19,2398,46
Florida,2022-09-20,2411,13
Florida,2022-09-21,2422,11
Florida,2022-09-23,2444,22
Florida,2022-09-26,2455,11
Florida,2022-09-27,2501,46
Florida,2022-09-28,2508,7
Florida,2022-09-29,2520,12
Florida,2022-10-01,2529,9
Florida,2022-10-03,2543,14
Georgia,2022-06-08,1,1
Georgia,2022-06-17,3,2
Georgia,2022-06-22,5,2
Georgia,2022-06-28,7,2
Georgia,2022-07-05,13,6
Georgia,2022-07-07,19,6
Georgia,2022-07-15,93,74
Georgia,2022-07-18,110,17
Georgia,2022-07-19,132,22
Georgia,2022-07-21,158,26
Georgia,2022-07-22,211,53
Georgia,2022-07-25,268,57
Georgia,2022-07-26,289,21
Georgia,2022-07-27,312,23
Georgia,2022-07-28,330,18
Georgia,2022-07-29,351,21
Georgia,2022-08-03,504,153
Georgia,2022-08-10,775,271
Georgia,2022-08-12,851,76
Georgia,2022-08-15,951,100
Georgia,2022-08-16,1013,62
Georgia,2022-08-17,1033,20
Georgia,2022-08-18,1066,33
Georgia,2022-08-22,1190,124
Georgia,2022-08-23,1220,30
Georgia,2022-08-24,1240,20
Georgia,2022-08-25,1240,0
Georgia,2022-08-26,1299,59
Georgia,2022-08-30,1387,88
Georgia,2022-08-31,1403,16
Georgia,2022-09-01,1418,15
Georgia,2022-09-02,1445,27
Georgia,2022-09-06,1512,67
Georgia,2022-09-07,1522,10
Georgia,2022-09-08,1535,13
Georgia,2022-09-09,1557,22
Georgia,2022-09-12,1557,0
Georgia,2022-09-13,1607,50
Georgia,2022-09-14,1614,7
Georgia,2022-09-18,1658,44
Georgia,2022-09-19,1702,44
Georgia,2022-09-20,1712,10
Georgia,2022-09-21,1717,5
Georgia,2022-09-23,1736,19
Georgia,2022-09-26,1764,28
Georgia,2022-09-27,1773,9
Georgia,2022-09-28,1784,11
Georgia,2022-09-29,1785,1
Georgia,2022-10-01,1785,0
Georgia,2022-10-03,1815,30
Hawaii,2022-06-08,2,2
Hawaii,2022-06-17,5,3
Hawaii,2022-06-22,5,0
Hawaii,2022-06-28,6,1
Hawaii,2022-07-05,6,0
Hawaii,2022-07-07,6,0
Hawaii,2022-07-15,8,2
Hawaii,2022-07-18,8,0
Hawaii,2022-07-19,8,0
Hawaii,2022-07-21,8,0
Hawaii,2022-07-22,8,0
Hawaii,2022-07-25,10,2
Hawaii,2022-07-26,10,0
Hawaii,2022-07-27,10,0
Hawaii,2022-07-28,10,0
Hawaii,2022-07-29,10,0
Hawaii,2022-08-03,10,0
Hawaii,2022-08-10,11,1
Hawaii,2022-08-12,12,1
Hawaii,2022-08-15,12,0
Hawaii,2022-08-16,12,0
Hawaii,2022-08-17,13,1
Hawaii,2022-08-18,13,0
Hawaii,2022-08-22,13,0
Hawaii,2022-08-23,15,2
Hawaii,2022-08-24,15,0
Hawaii,2022-08-25,15,0
Hawaii,2022-08-26,15,0
Hawaii,2022-08-30,18,3
Hawaii,2022-08-31,18,0
Hawaii,2022-09-01,18,0
Hawaii,2022-09-02,18,0
Hawaii,2022-09-06,22,4
Hawaii,2022-09-07,25,3
Hawaii,2022-09-08,25,0
Hawaii,2022-09-09,25,0
Hawaii,2022-09-12,25,0
Hawaii,2022-09-13,25,0
Hawaii,2022-09-14,25,0
Hawaii,2022-09-18,25,0
Hawaii,2022-09-19,25,0
Hawaii,2022-09-20,25,0
Hawaii,2022-09-21,27,2
Hawaii,2022-09-23,27,0
Hawaii,2022-09-26,29,2
Hawaii,2022-09-27,29,0
Hawaii,2022-09-28,29,0
Hawaii,2022-09-29,34,5
Hawaii,2022-10-01,34,0
Hawaii,2022-10-03,34,0
Idaho,2022-07-07,1,1
Idaho,2022-07-15,1,0
Idaho,2022-07-18,1,0
Idaho,2022-07-19,1,0
Idaho,2022-07-21,2,1
Idaho,2022-07-22,2,0
Idaho,2022-07-25,2,0
Idaho,2022-07-26,2,0
Idaho,2022-07-27,3,1
Idaho,2022-07-28,3,0
Idaho,2022-07-29,4,1
Idaho,2022-08-03,5,1
Idaho,2022-08-10,8,3
Idaho,2022-08-12,9,1
Idaho,2022-08-15,9,0
Idaho,2022-08-16,9,0
Idaho,2022-08-17,9,0
Idaho,2022-08-18,9,0
Idaho,2022-08-22,9,0
Idaho,2022-08-23,9,0
Idaho,2022-08-24,9,0
Idaho,2022-08-25,9,0
Idaho,2022-08-26,9,0
Idaho,2022-08-30,9,0
Idaho,2022-08-31,11,2
Idaho,2022-09-01,11,0
Idaho,2022-09-02,11,0
Idaho,2022-09-06,11,0
Idaho,2022-09-07,11,0
Idaho,2022-09-08,11,0
Idaho,2022-09-09,11,0
Idaho,2022-09-12,11,0
Idaho,2022-09-13,12,1
Idaho,2022-09-14,12,0
Idaho,2022-09-18,12,0
Idaho,2022-09-19,12,0
Idaho,2022-09-20,12,0
Idaho,2022-09-21,12,0
Idaho,2022-09-23,12,0
Idaho,2022-09-26,12,0
Idaho,2022-09-27,12,0
Idaho,2022-09-28,13,1
Idaho,2022-09-29,13,0
Idaho,2022-10-01,13,0
Idaho,2022-10-03,13,0
Illinois,2022-06-08,3,3
Illinois,2022-06-17,15,12
Illinois,2022-06-22,19,4
Illinois,2022-06-28,45,26
Illinois,2022-07-05,62,17
Illinois,2022-07-07,91,29
Illinois,2022-07-15,174,83
Illinois,2022-07-18,200,26
Illinois,2022-07-19,200,0
Illinois,2022-07-21,230,30
Illinois,2022-07-22,238,8
Illinois,2022-07-25,344,106
Illinois,2022-07-26,350,6
Illinois,2022-07-27,385,35
Illinois,2022-07-28,396,11
Illinois,2022-07-29,419,23
Illinois,2022-08-03,547,128
Illinois,2022-08-10,717,170
Illinois,2022-08-12,771,54
Illinois,2022-08-15,831,60
Illinois,2022-08-16,851,20
Illinois,2022-08-17,875,24
Illinois,2022-08-18,888,13
Illinois,2022-08-22,951,63
Illinois,2022-08-23,970,19
Illinois,2022-08-24,983,13
Illinois,2022-08-25,999,16
Illinois,2022-08-26,1005,6
Illinois,2022-08-30,1058,53
Illinois,2022-08-31,1069,11
Illinois,2022-09-01,1081,12
Illinois,2022-09-02,1087,6
Illinois,2022-09-06,1128,41
Illinois,2022-09-07,1128,0
Illinois,2022-09-08,1134,6
Illinois,2022-09-09,1141,7
Illinois,2022-09-12,1141,0
Illinois,2022-09-13,1180,39
Illinois,2022-09-14,1187,7
Illinois,2022-09-18,1212,25
Illinois,2022-09-19,1220,8
Illinois,2022-09-20,1257,37
Illinois,2022-09-21,1263,6
Illinois,2022-09-23,1270,7
Illinois,2022-09-26,1284,14
Illinois,2022-09-27,1300,16
Illinois,2022-09-28,1305,5
Illinois,2022-09-29,1306,1
Illinois,2022-10-01,1315,9
Illinois,2022-10-03,1315,0
Indiana,2022-06-22,2,2
Indiana,2022-06-28,2,0
Indiana,2022-07-05,5,3
Indiana,2022-07-07,5,0
Indiana,2022-07-15,11,6
Indiana,2022-07-18,11,0
Indiana,2022-07-19,11,0
Indiana,2022-07-21,35,24
Indiana,2022-07-22,31,-4
Indiana,2022-07-25,33,2
Indiana,2022-07-26,33,0
Indiana,2022-07-27,37,4
Indiana,2022-07-28,45,8
Indiana,2022-07-29,49,4
Indiana,2022-08-03,62,13
Indiana,2022-08-10,77,15
Indiana,2022-08-12,78,1
Indiana,2022-08-15,84,6
Indiana,2022-08-16,95,11
Indiana,2022-08-17,101,6
Indiana,2022-08-18,102,1
Indiana,2022-08-22,107,5
Indiana,2022-08-23,134,27
Indiana,2022-08-24,137,3
Indiana,2022-08-25,141,4
Indiana,2022-08-26,147,6
Indiana,2022-08-30,162,15
Indiana,2022-08-31,153,-9
Indiana,2022-09-01,169,16
Indiana,2022-09-02,172,3
Indiana,2022-09-06,178,6
Indiana,2022-09-07,182,4
Indiana,2022-09-08,182,0
Indiana,2022-09-09,183,1
Indiana,2022-09-12,188,5
Indiana,2022-09-13,193,5
Indiana,2022-09-14,195,2
Indiana,2022-09-18,203,8
Indiana,2022-09-19,209,6
Indiana,2022-09-20,211,2
Indiana,2022-09-21,218,7
Indiana,2022-09-23,223,5
Indiana,2022-09-26,227,4
Indiana,2022-09-27,228,1
Indiana,2022-09-28,228,0
Indiana,2022-09-29,232,4
Indiana,2022-10-01,234,2
Indiana,2022-10-03,234,0
International,2022-06-17,2,2
International,2022-06-22,2,0
Iowa,2022-07-05,1,1
Iowa,2022-07-07,1,0
Iowa,2022-07-15,3,2
Iowa,2022-07-18,3,0
Iowa,2022-07-19,4,1
Iowa,2022-07-21,5,1
Iowa,2022-07-22,6,1
Iowa,2022-07-25,7,1
Iowa,2022-07-26,8,1
Iowa,2022-07-27,9,1
Iowa,2022-07-28,10,1
Iowa,2022-07-29,10,0
Iowa,2022-08-03,11,1
Iowa,2022-08-10,13,2
Iowa,2022-08-12,15,2
Iowa,2022-08-15,15,0
Iowa,2022-08-16,15,0
Iowa,2022-08-17,15,0
Iowa,2022-08-18,15,0
Iowa,2022-08-22,15,0
Iowa,2022-08-23,16,1
Iowa,2022-08-24,16,0
Iowa,2022-08-25,16,0
Iowa,2022-08-26,18,2
Iowa,2022-08-30,18,0
Iowa,2022-08-31,18,0
Iowa,2022-09-01,18,0
Iowa,2022-09-02,18,0
Iowa,2022-09-06,19,1
Iowa,2022-09-07,20,1
Iowa,2022-09-08,20,0
Iowa,2022-09-09,20,0
Iowa,2022-09-12,22,2
Iowa,2022-09-13,22,0
Iowa,2022-09-14,22,0
Iowa,2022-09-18,23,1
Iowa,2022-09-19,22,-1
Iowa,2022-09-20,23,1
Iowa,2022-09-21,24,1
Iowa,2022-09-23,25,1
Iowa,2022-09-26,25,0
Iowa,2022-09-27,25,0
Iowa,2022-09-28,25,0
Iowa,2022-09-29,25,0
Iowa,2022-10-01,25,0
Iowa,2022-10-03,25,0
Kansas,2022-07-15,1,1
Kansas,2022-07-18,1,0
Kansas,2022-07-19,1,0
Kansas,2022-07-21,2,1
Kansas,2022-07-22,2,0
Kansas,2022-07-25,2,0
Kansas,2022-07-26,1,-1
Kansas,2022-07-27,1,0
Kansas,2022-07-28,1,0
Kansas,2022-07-29,1,0
Kansas,2022-08-03,1,0
Kansas,2022-08-10,2,1
Kansas,2022-08-12,3,1
Kansas,2022-08-15,3,0
Kansas,2022-08-16,3,0
Kansas,2022-08-17,3,0
Kansas,2022-08-18,3,0
Kansas,2022-08-22,3,0
Kansas,2022-08-23,4,1
Kansas,2022-08-24,4,0
Kansas,2022-08-25,5,1
Kansas,2022-08-26,5,0
Kansas,2022-08-30,5,0
Kansas,2022-08-31,5,0
Kansas,2022-09-01,5,0
Kansas,2022-09-02,6,1
Kansas,2022-09-06,7,1
Kansas,2022-09-07,7,0
Kansas,2022-09-08,7,0
Kansas,2022-09-09,7,0
Kansas,2022-09-12,7,0
Kansas,2022-09-13,7,0
Kansas,2022-09-14,7,0
Kansas,2022-09-18,8,1
Kansas,2022-09-19,9,1
Kansas,2022-09-20,9,0
Kansas,2022-09-21,9,0
Kansas,2022-09-23,9,0
Kansas,2022-09-26,9,0
Kansas,2022-09-27,10,1
Kansas,2022-09-28,10,0
Kansas,2022-09-29,14,4
Kansas,2022-10-01,14,0
Kansas,2022-10-03,14,0
Kentucky,2022-06-28,1,1
Kentucky,2022-07-05,2,1
Kentucky,2022-07-07,2,0
Kentucky,2022-07-15,3,1
Kentucky,2022-07-18,3,0
Kentucky,2022-07-19,3,0
Kentucky,2022-07-21,4,1
Kentucky,2022-07-22,4,0
Kentucky,2022-07-25,4,0
Kentucky,2022-07-26,6,2
Kentucky,2022-07-27,6,0
Kentucky,2022-07-28,6,0
Kentucky,2022-07-29,8,2
Kentucky,2022-08-03,8,0
Kentucky,2022-08-10,10,2
Kentucky,2022-08-12,11,1
Kentucky,2022-08-15,15,4
Kentucky,2022-08-16,15,0
Kentucky,2022-08-17,17,2
Kentucky,2022-08-18,18,1
Kentucky,2022-08-22,22,4
Kentucky,2022-08-23,23,1
Kentucky,2022-08-24,24,1
Kentucky,2022-08-25,26,2
Kentucky,2022-08-26,27,1
Kentucky,2022-08-30,30,3
Kentucky,2022-08-31,31,1
Kentucky,2022-09-01,32,1
Kentucky,2022-09-02,33,1
Kentucky,2022-09-06,34,1
Kentucky,2022-09-07,34,0
Kentucky,2022-09-08,34,0
Kentucky,2022-09-09,36,2
Kentucky,2022-09-12,36,0
Kentucky,2022-09-13,36,0
Kentucky,2022-09-14,39,3
Kentucky,2022-09-18,45,6
Kentucky,2022-09-19,47,2
Kentucky,2022-09-20,48,1
Kentucky,2022-09-21,50,2
Kentucky,2022-09-23,51,1
Kentucky,2022-09-26,53,2
Kentucky,2022-09-27,53,0
Kentucky,2022-09-28,53,0
Kentucky,2022-09-29,53,0
Kentucky,2022-10-01,53,0
Kentucky,2022-10-03,56,3
Louisiana,2022-07-15,6,6
Louisiana,2022-07-18,8,2
Louisiana,2022-07-19,13,5
Louisiana,2022-07-21,17,4
Louisiana,2022-07-22,21,4
Louisiana,2022-07-25,25,4
Louisiana,2022-07-26,26,1
Louisiana,2022-07-27,28,2
Louisiana,2022-07-28,31,3
Louisiana,2022-07-29,38,7
Louisiana,2022-08-03,58,20
Louisiana,2022-08-10,92,34
Louisiana,2022-08-12,103,11
Louisiana,2022-08-15,108,5
Louisiana,2022-08-16,114,6
Louisiana,2022-08-17,120,6
Louisiana,2022-08-18,127,7
Louisiana,2022-08-22,146,19
Louisiana,2022-08-23,151,5
Louisiana,2022-08-24,155,4
Louisiana,2022-08-25,157,2
Louisiana,2022-08-26,162,5
Louisiana,2022-08-30,183,21
Louisiana,2022-08-31,183,0
Louisiana,2022-09-01,185,2
Louisiana,2022-09-02,185,0
Louisiana,2022-09-06,198,13
Louisiana,2022-09-07,198,0
Louisiana,2022-09-08,204,6
Louisiana,2022-09-09,211,7
Louisiana,2022-09-12,211,0
Louisiana,2022-09-13,218,7
Louisiana,2022-09-14,219,1
Louisiana,2022-09-18,230,11
Louisiana,2022-09-19,234,4
Louisiana,2022-09-20,234,0
Louisiana,2022-09-21,234,0
Louisiana,2022-09-23,243,9
Louisiana,2022-09-26,247,4
Louisiana,2022-09-27,247,0
Louisiana,2022-09-28,247,0
Louisiana,2022-09-29,254,7
Louisiana,2022-10-01,254,0
Louisiana,2022-10-03,254,0
Maine,2022-07-26,1,1
Maine,2022-07-27,1,0
Maine,2022-07-28,1,0
Maine,2022-07-29,1,0
Maine,2022-08-03,2,1
Maine,2022-08-10,3,1
Maine,2022-08-12,3,0
Maine,2022-08-15,3,0
Maine,2022-08-16,3,0
Maine,2022-08-17,3,0
Maine,2022-08-18,3,0
Maine,2022-08-22,5,2
Maine,2022-08-23,5,0
Maine,2022-08-24,5,0
Maine,2022-08-25,5,0
Maine,2022-08-26,5,0
Maine,2022-08-30,5,0
Maine,2022-08-31,5,0
Maine,2022-09-01,5,0
Maine,2022-09-02,7,2
Maine,2022-09-06,7,0
Maine,2022-09-07,7,0
Maine,2022-09-08,7,0
Maine,2022-09-09,7,0
Maine,2022-09-12,7,0
Maine,2022-09-13,7,0
Maine,2022-09-14,7,0
Maine,2022-09-18,9,2
Maine,2022-09-19,9,0
Maine,2022-09-20,9,0
Maine,2022-09-21,9,0
Maine,2022-09-23,9,0
Maine,2022-09-26,9,0
Maine,2022-09-27,9,0
Maine,2022-09-28,9,0
Maine,2022-09-29,9,0
Maine,2022-10-01,9,0
Maine,2022-10-03,9,0
Maryland,2022-06-17,1,1
Maryland,2022-06-22,3,2
Maryland,2022-06-28,5,2
Maryland,2022-07-05,9,4
Maryland,2022-07-07,14,5
Maryland,2022-07-15,37,23
Maryland,2022-07-18,46,9
Maryland,2022-07-19,48,2
Maryland,2022-07-21,49,1
Maryland,2022-07-22,71,22
Maryland,2022-07-25,87,16
Maryland,2022-07-26,91,4
Maryland,2022-07-27,101,10
Maryland,2022-07-28,111,10
Maryland,2022-07-29,117,6
Maryland,2022-08-03,157,40
Maryland,2022-08-10,236,79
Maryland,2022-08-12,275,39
Maryland,2022-08-15,306,31
Maryland,2022-08-16,335,29
Maryland,2022-08-17,349,14
Maryland,2022-08-18,349,0
Maryland,2022-08-22,379,30
Maryland,2022-08-23,431,52
Maryland,2022-08-24,447,16
Maryland,2022-08-25,453,6
Maryland,2022-08-26,461,8
Maryland,2022-08-30,484,23
Maryland,2022-08-31,484,0
Maryland,2022-09-01,519,35
Maryland,2022-09-02,534,15
Maryland,2022-09-06,554,20
Maryland,2022-09-07,559,5
Maryland,2022-09-08,570,11
Maryland,2022-09-09,571,1
Maryland,2022-09-12,571,0
Maryland,2022-09-13,591,20
Maryland,2022-09-14,598,7
Maryland,2022-09-18,609,11
Maryland,2022-09-19,621,12
Maryland,2022-09-20,625,4
Maryland,2022-09-21,631,6
Maryland,2022-09-23,636,5
Maryland,2022-09-26,647,11
Maryland,2022-09-27,650,3
Maryland,2022-09-28,657,7
Maryland,2022-09-29,657,0
Maryland,2022-10-01,659,2
Maryland,2022-10-03,662,3
Massachusetts,2022-06-08,1,1
Massachusetts,2022-06-17,7,6
Massachusetts,2022-06-22,9,2
Massachusetts,2022-06-28,13,4
Massachusetts,2022-07-05,29,16
Massachusetts,2022-07-07,30,1
Massachusetts,2022-07-15,51,21
Massachusetts,2022-07-18,51,0
Massachusetts,2022-07-19,53,2
Massachusetts,2022-07-21,55,2
Massachusetts,2022-07-22,79,24
Massachusetts,2022-07-25,82,3
Massachusetts,2022-07-26,96,14
Massachusetts,2022-07-27,113,17
Massachusetts,2022-07-28,117,4
Massachusetts,2022-07-29,116,-1
Massachusetts,2022-08-03,134,18
Massachusetts,2022-08-10,174,40
Massachusetts,2022-08-12,202,28
Massachusetts,2022-08-15,228,26
Massachusetts,2022-08-16,228,0
Massachusetts,2022-08-17,228,0
Massachusetts,2022-08-18,243,15
Massachusetts,2022-08-22,265,22
Massachusetts,2022-08-23,265,0
Massachusetts,2022-08-24,265,0
Massachusetts,2022-08-25,280,15
Massachusetts,2022-08-26,280,0
Massachusetts,2022-08-30,303,23
Massachusetts,2022-08-31,303,0
Massachusetts,2022-09-01,317,14
Massachusetts,2022-09-02,317,0
Massachusetts,2022-09-06,336,19
Massachusetts,2022-09-07,336,0
Massachusetts,2022-09-08,347,11
Massachusetts,2022-09-09,347,0
Massachusetts,2022-09-12,347,0
Massachusetts,2022-09-13,356,9
Massachusetts,2022-09-14,356,0
Massachusetts,2022-09-18,364,8
Massachusetts,2022-09-19,374,10
Massachusetts,2022-09-20,374,0
Massachusetts,2022-09-21,374,0
Massachusetts,2022-09-23,381,7
Massachusetts,2022-09-26,390,9
Massachusetts,2022-09-27,390,0
Massachusetts,2022-09-28,390,0
Massachusetts,2022-09-29,396,6
Massachusetts,2022-10-01,396,0
Massachusetts,2022-10-03,402,6
Michigan,2022-07-05,1,1
Michigan,2022-07-07,2,1
Michigan,2022-07-15,13,11
Michigan,2022-07-18,14,1
Michigan,2022-07-19,17,3
Michigan,2022-07-21,19,2
Michigan,2022-07-22,27,8
Michigan,2022-07-25,24,-3
Michigan,2022-07-26,24,0
Michigan,2022-07-27,28,4
Michigan,2022-07-28,28,0
Michigan,2022-07-29,28,0
Michigan,2022-08-03,56,28
Michigan,2022-08-10,77,21
Michigan,2022-08-12,92,15
Michigan,2022-08-15,99,7
Michigan,2022-08-16,99,0
Michigan,2022-08-17,99,0
Michigan,2022-08-18,108,9
Michigan,2022-08-22,138,30
Michigan,2022-08-23,143,5
Michigan,2022-08-24,145,2
Michigan,2022-08-25,157,12
Michigan,2022-08-26,165,8
Michigan,2022-08-30,165,0
Michigan,2022-08-31,186,21
Michigan,2022-09-01,190,4
Michigan,2022-09-02,199,9
Michigan,2022-09-06,200,1
Michigan,2022-09-07,202,2
Michigan,2022-09-08,217,15
Michigan,2022-09-09,227,10
Michigan,2022-09-12,227,0
Michigan,2022-09-13,231,4
Michigan,2022-09-14,237,6
Michigan,2022-09-18,244,7
Michigan,2022-09-19,246,2
Michigan,2022-09-20,246,0
Michigan,2022-09-21,257,11
Michigan,2022-09-23,257,0
Michigan,2022-09-26,257,0
Michigan,2022-09-27,266,9
Michigan,2022-09-28,266,0
Michigan,2022-09-29,266,0
Michigan,2022-10-01,266,0
Michigan,2022-10-03,266,0
Minnesota,2022-06-28,2,2
Minnesota,2022-07-05,6,4
Minnesota,2022-07-07,8,2
Minnesota,2022-07-15,12,4
Minnesota,2022-07-18,13,1
Minnesota,2022-07-19,21,8
Minnesota,2022-07-21,19,-2
Minnesota,2022-07-22,19,0
Minnesota,2022-07-25,20,1
Minnesota,2022-07-26,25,5
Minnesota,2022-07-27,28,3
Minnesota,2022-07-28,30,2
Minnesota,2022-07-29,33,3
Minnesota,2022-08-03,39,6
Minnesota,2022-08-10,58,19
Minnesota,2022-08-12,66,8
Minnesota,2022-08-15,72,6
Minnesota,2022-08-16,75,3
Minnesota,2022-08-17,78,3
Minnesota,2022-08-18,87,9
Minnesota,2022-08-22,101,14
Minnesota,2022-08-23,103,2
Minnesota,2022-08-24,106,3
Minnesota,2022-08-25,106,0
Minnesota,2022-08-26,109,3
Minnesota,2022-08-30,124,15
Minnesota,2022-08-31,123,-1
Minnesota,2022-09-01,128,5
Minnesota,2022-09-02,130,2
Minnesota,2022-09-06,141,11
Minnesota,2022-09-07,141,0
Minnesota,2022-09-08,149,8
Minnesota,2022-09-09,153,4
Minnesota,2022-09-12,160,7
Minnesota,2022-09-13,163,3
Minnesota,2022-09-14,163,0
Minnesota,2022-09-18,167,4
Minnesota,2022-09-19,171,4
Minnesota,2022-09-20,173,2
Minnesota,2022-09-21,178,5
Minnesota,2022-09-23,182,4
Minnesota,2022-09-26,186,4
Minnesota,2022-09-27,189,3
Minnesota,2022-09-28,193,4
Minnesota,2022-09-29,195,2
Minnesota,2022-10-01,199,4
Minnesota,2022-10-03,202,3
Mississippi,2022-07-25,1,1
Mississippi,2022-07-26,1,0
Mississippi,2022-07-27,1,0
Mississippi,2022-07-28,1,0
Mississippi,2022-07-29,3,2
Mississippi,2022-08-03,4,1
Mississippi,2022-08-10,8,4
Mississippi,2022-08-12,11,3
Mississippi,2022-08-15,11,0
Mississippi,2022-08-16,16,5
Mississippi,2022-08-17,17,1
Mississippi,2022-08-18,18,1
Mississippi,2022-08-22,19,1
Mississippi,2022-08-23,21,2
Mississippi,2022-08-24,23,2
Mississippi,2022-08-25,25,2
Mississippi,2022-08-26,29,4
Mississippi,2022-08-30,32,3
Mississippi,2022-08-31,32,0
Mississippi,2022-09-01,36,4
Mississippi,2022-09-02,40,4
Mississippi,2022-09-06,41,1
Mississippi,2022-09-07,44,3
Mississippi,2022-09-08,45,1
Mississippi,2022-09-09,48,3
Mississippi,2022-09-12,53,5
Mississippi,2022-09-13,52,-1
Mississippi,2022-09-14,55,3
Mississippi,2022-09-18,61,6
Mississippi,2022-09-19,65,4
Mississippi,2022-09-20,66,1
Mississippi,2022-09-21,70,4
Mississippi,2022-09-23,73,3
Mississippi,2022-09-26,79,6
Mississippi,2022-09-27,82,3
Mississippi,2022-09-28,85,3
Mississippi,2022-09-29,85,0
Mississippi,2022-10-01,87,2
Mississippi,2022-10-03,87,0
Missouri,2022-06-22,2,2
Missouri,2022-06-28,2,0
Missouri,2022-07-05,3,1
Missouri,2022-07-07,3,0
Missouri,2022-07-15,4,1
Missouri,2022-07-18,4,0
Missouri,2022-07-19,9,5
Missouri,2022-07-21,8,-1
Missouri,2022-07-22,5,-3
Missouri,2022-07-25,8,3
Missouri,2022-07-26,5,-3
Missouri,2022-07-27,6,1
Missouri,2022-07-28,8,2
Missouri,2022-07-29,9,1
Missouri,2022-08-03,12,3
Missouri,2022-08-10,18,6
Missouri,2022-08-12,20,2
Missouri,2022-08-15,21,1
Missouri,2022-08-16,24,3
Missouri,2022-08-17,25,1
Missouri,2022-08-18,25,0
Missouri,2022-08-22,34,9
Missouri,2022-08-23,38,4
Missouri,2022-08-24,39,1
Missouri,2022-08-25,41,2
Missouri,2022-08-26,42,1
Missouri,2022-08-30,50,8
Missouri,2022-08-31,53,3
Missouri,2022-09-01,53,0
Missouri,2022-09-02,55,2
Missouri,2022-09-06,59,4
Missouri,2022-09-07,61,2
Missouri,2022-09-08,61,0
Missouri,2022-09-09,61,0
Missouri,2022-09-12,62,1
Missouri,2022-09-13,69,7
Missouri,2022-09-14,70,1
Missouri,2022-09-18,75,5
Missouri,2022-09-19,81,6
Missouri,2022-09-20,82,1
Missouri,2022-09-21,84,2
Missouri,2022-09-23,84,0
Missouri,2022-09-26,96,12
Missouri,2022-09-27,97,1
Missouri,2022-09-28,103,6
Missouri,2022-09-29,103,0
Missouri,2022-10-01,113,10
Missouri,2022-10-03,119,6
Montana,2022-08-10,2,2
Montana,2022-08-12,2,0
Montana,2022-08-15,2,0
Montana,2022-08-16,2,0
Montana,2022-08-17,2,0
Montana,2022-08-18,2,0
Montana,2022-08-22,2,0
Montana,2022-08-23,2,0
Montana,2022-08-24,2,0
Montana,2022-08-25,2,0
Montana,2022-08-26,3,1
Montana,2022-08-30,4,1
Montana,2022-08-31,5,1
Montana,2022-09-01,5,0
Montana,2022-09-02,5,0
Montana,2022-09-06,5,0
Montana,2022-09-07,5,0
Montana,2022-09-08,5,0
Montana,2022-09-09,5,0
Montana,2022-09-12,5,0
Montana,2022-09-13,5,0
Montana,2022-09-14,5,0
Montana,2022-09-18,5,0
Montana,2022-09-19,5,0
Montana,2022-09-20,5,0
Montana,2022-09-21,5,0
Montana,2022-09-23,5,0
Montana,2022-09-26,5,0
Montana,2022-09-27,5,0
Montana,2022-09-28,5,0
Montana,2022-09-29,5,0
Montana,2022-10-01,6,1
Montana,2022-10-03,6,0
Nebraska,2022-06-28,1,1
Nebraska,2022-07-05,1,0
Nebraska,2022-07-07,1,0
Nebraska,2022-07-15,2,1
Nebraska,2022-07-18,4,2
Nebraska,2022-07-19,2,-2
Nebraska,2022-07-21,5,3
Nebraska,2022-07-22,5,0
Nebraska,2022-07-25,5,0
Nebraska,2022-07-26,5,0
Nebraska,2022-07-27,8,3
Nebraska,2022-07-28,9,1
Nebraska,2022-07-29,10,1
Nebraska,2022-08-03,10,0
Nebraska,2022-08-10,14,4
Nebraska,2022-08-12,15,1
Nebraska,2022-08-15,15,0
Nebraska,2022-08-16,17,2
Nebraska,2022-08-17,17,0
Nebraska,2022-08-18,18,1
Nebraska,2022-08-22,21,3
Nebraska,2022-08-23,23,2
Nebraska,2022-08-24,23,0
Nebraska,2022-08-25,23,0
Nebraska,2022-08-26,25,2
Nebraska,2022-08-30,26,1
Nebraska,2022-08-31,27,1
Nebraska,2022-09-01,27,0
Nebraska,2022-09-02,27,0
Nebraska,2022-09-06,28,1
Nebraska,2022-09-07,28,0
Nebraska,2022-09-08,28,0
Nebraska,2022-09-09,28,0
Nebraska,2022-09-12,28,0
Nebraska,2022-09-13,28,0
Nebraska,2022-09-14,28,0
Nebraska,2022-09-18,28,0
Nebraska,2022-09-19,28,0
Nebraska,2022-09-20,28,0
Nebraska,2022-09-21,28,0
Nebraska,2022-09-23,28,0
Nebraska,2022-09-26,28,0
Nebraska,2022-09-27,28,0
Nebraska,2022-09-28,28,0
Nebraska,2022-09-29,28,0
Nebraska,2022-10-01,28,0
Nebraska,2022-10-03,29,1
Nevada,2022-06-17,1,1
Nevada,2022-06-22,1,0
Nevada,2022-06-28,2,1
Nevada,2022-07-05,2,0
Nevada,2022-07-07,4,2
Nevada,2022-07-15,6,2
Nevada,2022-07-18,6,0
Nevada,2022-07-19,6,0
Nevada,2022-07-21,8,2
Nevada,2022-07-22,8,0
Nevada,2022-07-25,11,3
Nevada,2022-07-26,11,0
Nevada,2022-07-27,11,0
Nevada,2022-07-28,14,3
Nevada,2022-07-29,14,0
Nevada,2022-08-03,26,12
Nevada,2022-08-10,56,30
Nevada,2022-08-12,74,18
Nevada,2022-08-15,76,2
Nevada,2022-08-16,83,7
Nevada,2022-08-17,109,26
Nevada,2022-08-18,113,4
Nevada,2022-08-22,118,5
Nevada,2022-08-23,124,6
Nevada,2022-08-24,124,0
Nevada,2022-08-25,126,2
Nevada,2022-08-26,127,1
Nevada,2022-08-30,139,12
Nevada,2022-08-31,141,2
Nevada,2022-09-01,149,8
Nevada,2022-09-02,154,5
Nevada,2022-09-06,154,0
Nevada,2022-09-07,204,50
Nevada,2022-09-08,204,0
Nevada,2022-09-09,204,0
Nevada,2022-09-12,204,0
Nevada,2022-09-13,204,0
Nevada,2022-09-14,204,0
Nevada,2022-09-18,217,13
Nevada,2022-09-19,217,0
Nevada,2022-09-20,217,0
Nevada,2022-09-21,217,0
Nevada,2022-09-23,218,1
Nevada,2022-09-26,263,45
Nevada,2022-09-27,263,0
Nevada,2022-09-28,264,1
Nevada,2022-09-29,266,2
Nevada,2022-10-01,267,1
Nevada,2022-10-03,267,0
New Hampshire,2022-07-05,1,1
New Hampshire,2022-07-07,1,0
New Hampshire,2022-07-15,1,0
New Hampshire,2022-07-18,1,0
New Hampshire,2022-07-19,1,0
New Hampshire,2022-07-21,3,2
New Hampshire,2022-07-22,3,0
New Hampshire,2022-07-25,6,3
New Hampshire,2022-07-26,6,0
New Hampshire,2022-07-27,7,1
New Hampshire,2022-07-28,7,0
New Hampshire,2022-07-29,9,2
New Hampshire,2022-08-03,14,5
New Hampshire,2022-08-10,15,1
New Hampshire,2022-08-12,15,0
New Hampshire,2022-08-15,15,0
New Hampshire,2022-08-16,15,0
New Hampshire,2022-08-17,15,0
New Hampshire,2022-08-18,16,1
New Hampshire,2022-08-22,16,0
New Hampshire,2022-08-23,16,0
New Hampshire,2022-08-24,17,1
New Hampshire,2022-08-25,18,1
New Hampshire,2022-08-26,19,1
New Hampshire,2022-08-30,19,0
New Hampshire,2022-08-31,20,1
New Hampshire,2022-09-01,22,2
New Hampshire,2022-09-02,22,0
New Hampshire,2022-09-06,22,0
New Hampshire,2022-09-07,22,0
New Hampshire,2022-09-08,22,0
New Hampshire,2022-09-09,23,1
New Hampshire,2022-09-12,23,0
New Hampshire,2022-09-13,25,2
New Hampshire,2022-09-14,27,2
New Hampshire,2022-09-18,27,0
New Hampshire,2022-09-19,28,1
New Hampshire,2022-09-20,28,0
New Hampshire,2022-09-21,28,0
New Hampshire,2022-09-23,29,1
New Hampshire,2022-09-26,29,0
New Hampshire,2022-09-27,29,0
New Hampshire,2022-09-28,29,0
New Hampshire,2022-09-29,29,0
New Hampshire,2022-10-01,30,1
New Hampshire,2022-10-03,30,0
New Jersey,2022-06-22,1,1
New Jersey,2022-06-28,2,1
New Jersey,2022-07-05,7,5
New Jersey,2022-07-07,8,1
New Jersey,2022-07-15,31,23
New Jersey,2022-07-18,31,0
New Jersey,2022-07-19,41,10
New Jersey,2022-07-21,41,0
New Jersey,2022-07-22,41,0
New Jersey,2022-07-25,81,40
New Jersey,2022-07-26,89,8
New Jersey,2022-07-27,102,13
New Jersey,2022-07-28,110,8
New Jersey,2022-07-29,118,8
New Jersey,2022-08-03,160,42
New Jersey,2022-08-10,277,117
New Jersey,2022-08-12,293,16
New Jersey,2022-08-15,335,42
New Jersey,2022-08-16,335,0
New Jersey,2022-08-17,367,32
New Jersey,2022-08-18,377,10
New Jersey,2022-08-22,420,43
New Jersey,2022-08-23,420,0
New Jersey,2022-08-24,450,30
New Jersey,2022-08-25,471,21
New Jersey,2022-08-26,479,8
New Jersey,2022-08-30,512,33
New Jersey,2022-08-31,512,0
New Jersey,2022-09-01,538,26
New Jersey,2022-09-02,561,23
New Jersey,2022-09-06,594,33
New Jersey,2022-09-07,595,1
New Jersey,2022-09-08,595,0
New Jersey,2022-09-09,610,15
New Jersey,2022-09-12,610,0
New Jersey,2022-09-13,631,21
New Jersey,2022-09-14,633,2
New Jersey,2022-09-18,647,14
New Jersey,2022-09-19,654,7
New Jersey,2022-09-20,661,7
New Jersey,2022-09-21,668,7
New Jersey,2022-09-23,683,15
New Jersey,2022-09-26,695,12
New Jersey,2022-09-27,698,3
New Jersey,2022-09-28,701,3
New Jersey,2022-09-29,706,5
New Jersey,2022-10-01,713,7
New Jersey,2022-10-03,720,7
New Mexico,2022-07-15,5,5
New Mexico,2022-07-18,6,1
New Mexico,2022-07-19,6,0
New Mexico,2022-07-21,7,1
New Mexico,2022-07-22,7,0
New Mexico,2022-07-25,7,0
New Mexico,2022-07-26,7,0
New Mexico,2022-07-27,7,0
New Mexico,2022-07-28,7,0
New Mexico,2022-07-29,7,0
New Mexico,2022-08-03,10,3
New Mexico,2022-08-10,13,3
New Mexico,2022-08-12,16,3
New Mexico,2022-08-15,16,0
New Mexico,2022-08-16,16,0
New Mexico,2022-08-17,16,0
New Mexico,2022-08-18,16,0
New Mexico,2022-08-22,19,3
New Mexico,2022-08-23,19,0
New Mexico,2022-08-24,21,2
New Mexico,2022-08-25,23,2
New Mexico,2022-08-26,23,0
New Mexico,2022-08-30,25,2
New Mexico,2022-08-31,26,1
New Mexico,2022-09-01,26,0
New Mexico,2022-09-02,26,0
New Mexico,2022-09-06,27,1
New Mexico,2022-09-07,27,0
New Mexico,2022-09-08,27,0
New Mexico,2022-09-09,32,5
New Mexico,2022-09-12,32,0
New Mexico,2022-09-13,32,0
New Mexico,2022-09-14,33,1
New Mexico,2022-09-18,33,0
New Mexico,2022-09-19,33,0
New Mexico,2022-09-20,40,7
New Mexico,2022-09-21,40,0
New Mexico,2022-09-23,40,0
New Mexico,2022-09-26,40,0
New Mexico,2022-09-27,40,0
New Mexico,2022-09-28,40,0
New Mexico,2022-09-29,40,0
New Mexico,2022-10-01,40,0
New Mexico,2022-10-03,42,2
New York,2022-06-08,9,9
New York,2022-06-17,21,12
New York,2022-06-22,22,1
New York,2022-06-28,63,41
New York,2022-07-05,96,33
New York,2022-07-07,131,35
New York,2022-07-15,489,358
New York,2022-07-18,521,32
New York,2022-07-19,581,60
New York,2022-07-21,830,249
New York,2022-07-22,900,70
New York,2022-07-25,990,90
New York,2022-07-26,900,-90
New York,2022-07-27,1228,328
New York,2022-07-28,1247,19
New York,2022-07-29,1345,98
New York,2022-08-03,1666,321
New York,2022-08-10,2132,466
New York,2022-08-12,2295,163
New York,2022-08-15,2376,81
New York,2022-08-16,2620,244
New York,2022-08-17,2675,55
New York,2022-08-18,2744,69
New York,2022-08-22,2910,166
New York,2022-08-23,3019,109
New York,2022-08-24,3038,19
New York,2022-08-25,3117,79
New York,2022-08-26,3124,7
New York,2022-08-30,3273,149
New York,2022-08-31,3310,37
New York,2022-09-01,3367,57
New York,2022-09-02,3403,36
New York,2022-09-06,3526,123
New York,2022-09-07,3542,16
New York,2022-09-08,3555,13
New York,2022-09-09,3591,36
New York,2022-09-12,3591,0
New York,2022-09-13,3679,88
New York,2022-09-14,3694,15
New York,2022-09-18,3738,44
New York,2022-09-19,3755,17
New York,2022-09-20,3799,44
New York,2022-09-21,3810,11
New York,2022-09-23,3842,32
New York,2022-09-26,3881,39
New York,2022-09-27,3895,14
New York,2022-09-28,3904,9
New York,2022-09-29,3914,10
New York,2022-10-01,3929,15
New York,2022-10-03,3948,19
Non U.S. resident in the U.S.,2022-06-28,2,2
Non U.S. resident in the U.S.,2022-07-05,3,1
Non U.S. resident in the U.S.,2022-07-07,3,0
Non-US Resident,2022-07-18,3,3
Non-US Resident,2022-07-19,3,0
Non-US Resident,2022-07-21,3,0
Non-US Resident,2022-07-22,3,0
Non-US Resident,2022-07-25,3,0
Non-US Resident,2022-07-26,3,0
Non-US Resident,2022-07-27,3,0
Non-US Resident,2022-07-28,3,0
Non-US Resident,2022-08-03,3,0
Non-US Resident,2022-08-10,3,0
Non-US Resident,2022-08-12,3,0
Non-US Resident,2022-08-15,3,0
Non-US Resident,2022-08-16,3,0
Non-US Resident,2022-08-17,3,0
Non-US Resident,2022-08-18,3,0
Non-US Resident,2022-08-22,3,0
Non-US Resident,2022-08-23,3,0
Non-US Resident,2022-08-24,3,0
Non-US Resident,2022-08-25,3,0
Non-US Resident,2022-08-26,3,0
Non-US Resident,2022-08-30,3,0
Non-US Resident,2022-08-31,3,0
Non-US Resident,2022-09-01,3,0
Non-US Resident,2022-09-02,3,0
Non-US Resident,2022-09-06,3,0
Non-US Resident,2022-09-07,3,0
Non-US Resident,2022-09-08,3,0
Non-US Resident,2022-09-09,3,0
Non-US Resident,2022-09-12,3,0
Non-US Resident,2022-09-13,3,0
Non-US Resident,2022-09-14,3,0
Non-US Resident,2022-09-18,3,0
Non-US Resident,2022-09-19,3,0
Non-US Resident,2022-09-20,3,0
Non-US Resident,2022-09-21,3,0
Non-US Resident,2022-09-23,3,0
Non-US Resident,2022-09-26,3,0
Non-US Resident,2022-09-27,3,0
Non-US Resident,2022-09-28,3,0
Non-US Resident,2022-09-29,3,0
Non-US Resident,2022-10-01,3,0
Non-US Resident,2022-10-03,3,0
North Carolina,2022-06-28,2,2
North Carolina,2022-07-05,2,0
North Carolina,2022-07-07,3,1
North Carolina,2022-07-15,13,10
North Carolina,2022-07-18,13,0
North Carolina,2022-07-19,13,0
North Carolina,2022-07-21,13,0
North Carolina,2022-07-22,13,0
North Carolina,2022-07-25,34,21
North Carolina,2022-07-26,38,4
North Carolina,2022-07-27,15,-23
North Carolina,2022-07-28,46,31
North Carolina,2022-07-29,53,7
North Carolina,2022-08-03,72,19
North Carolina,2022-08-10,122,50
North Carolina,2022-08-12,138,16
North Carolina,2022-08-15,162,24
North Carolina,2022-08-16,180,18
North Carolina,2022-08-17,188,8
North Carolina,2022-08-18,188,0
North Carolina,2022-08-22,250,62
North Carolina,2022-08-23,261,11
North Carolina,2022-08-24,265,4
North Carolina,2022-08-25,265,0
North Carolina,2022-08-26,288,23
North Carolina,2022-08-30,308,20
North Carolina,2022-08-31,318,10
North Carolina,2022-09-01,322,4
North Carolina,2022-09-02,346,24
North Carolina,2022-09-06,377,31
North Carolina,2022-09-07,382,5
North Carolina,2022-09-08,387,5
North Carolina,2022-09-09,387,0
North Carolina,2022-09-12,387,0
North Carolina,2022-09-13,428,41
North Carolina,2022-09-14,435,7
North Carolina,2022-09-18,434,-1
North Carolina,2022-09-19,434,0
North Carolina,2022-09-20,434,0
North Carolina,2022-09-21,434,0
North Carolina,2022-09-23,512,78
North Carolina,2022-09-26,510,-2
North Carolina,2022-09-27,510,0
North Carolina,2022-09-28,566,56
North Carolina,2022-09-29,566,0
North Carolina,2022-10-01,566,0
North Carolina,2022-10-03,566,0
North Dakota,2022-07-21,1,1
North Dakota,2022-07-22,1,0
North Dakota,2022-07-25,1,0
North Dakota,2022-07-26,1,0
North Dakota,2022-07-27,1,0
North Dakota,2022-07-28,1,0
North Dakota,2022-07-29,1,0
North Dakota,2022-08-03,1,0
North Dakota,2022-08-10,2,1
North Dakota,2022-08-12,2,0
North Dakota,2022-08-15,2,0
North Dakota,2022-08-16,2,0
North Dakota,2022-08-17,3,1
North Dakota,2022-08-18,3,0
North Dakota,2022-08-22,4,1
North Dakota,2022-08-23,4,0
North Dakota,2022-08-24,4,0
North Dakota,2022-08-25,4,0
North Dakota,2022-08-26,4,0
North Dakota,2022-08-30,5,1
North Dakota,2022-08-31,5,0
North Dakota,2022-09-01,5,0
North Dakota,2022-09-02,5,0
North Dakota,2022-09-06,5,0
North Dakota,2022-09-07,5,0
North Dakota,2022-09-08,5,0
North Dakota,2022-09-09,5,0
North Dakota,2022-09-12,5,0
North Dakota,2022-09-13,5,0
North Dakota,2022-09-14,5,0
North Dakota,2022-09-18,5,0
North Dakota,2022-09-19,5,0
North Dakota,2022-09-20,5,0
North Dakota,2022-09-21,5,0
North Dakota,2022-09-23,6,1
North Dakota,2022-09-26,6,0
North Dakota,2022-09-27,6,0
North Dakota,2022-09-28,6,0
North Dakota,2022-09-29,6,0
North Dakota,2022-10-01,6,0
North Dakota,2022-10-03,6,0
Ohio,2022-06-17,1,1
Ohio,2022-06-22,1,0
Ohio,2022-06-28,2,1
Ohio,2022-07-05,3,1
Ohio,2022-07-07,3,0
Ohio,2022-07-15,7,4
Ohio,2022-07-18,7,0
Ohio,2022-07-19,7,0
Ohio,2022-07-21,9,2
Ohio,2022-07-22,4,-5
Ohio,2022-07-25,15,11
Ohio,2022-07-26,17,2
Ohio,2022-07-27,17,0
Ohio,2022-07-28,20,3
Ohio,2022-07-29,23,3
Ohio,2022-08-03,34,11
Ohio,2022-08-10,75,41
Ohio,2022-08-12,89,14
Ohio,2022-08-15,101,12
Ohio,2022-08-16,116,15
Ohio,2022-08-17,119,3
Ohio,2022-08-18,123,4
Ohio,2022-08-22,133,10
Ohio,2022-08-23,139,6
Ohio,2022-08-24,144,5
Ohio,2022-08-25,148,4
Ohio,2022-08-26,151,3
Ohio,2022-08-30,167,16
Ohio,2022-08-31,172,5
Ohio,2022-09-01,185,13
Ohio,2022-09-02,190,5
Ohio,2022-09-06,210,20
Ohio,2022-09-07,213,3
Ohio,2022-09-08,218,5
Ohio,2022-09-09,226,8
Ohio,2022-09-12,226,0
Ohio,2022-09-13,235,9
Ohio,2022-09-14,236,1
Ohio,2022-09-18,240,4
Ohio,2022-09-19,248,8
Ohio,2022-09-20,252,4
Ohio,2022-09-21,257,5
Ohio,2022-09-23,263,6
Ohio,2022-09-26,273,10
Ohio,2022-09-27,275,2
Ohio,2022-09-28,275,0
Ohio,2022-09-29,279,4
Ohio,2022-10-01,279,0
Ohio,2022-10-03,281,2
Oklahoma,2022-06-17,2,2
Oklahoma,2022-06-22,2,0
Oklahoma,2022-06-28,2,0
Oklahoma,2022-07-05,2,0
Oklahoma,2022-07-07,2,0
Oklahoma,2022-07-15,3,1
Oklahoma,2022-07-18,3,0
Oklahoma,2022-07-19,5,2
Oklahoma,2022-07-21,5,0
Oklahoma,2022-07-22,4,-1
Oklahoma,2022-07-25,4,0
Oklahoma,2022-07-26,8,4
Oklahoma,2022-07-27,8,0
Oklahoma,2022-07-28,9,1
Oklahoma,2022-07-29,9,0
Oklahoma,2022-08-03,10,1
Oklahoma,2022-08-10,12,2
Oklahoma,2022-08-12,12,0
Oklahoma,2022-08-15,15,3
Oklahoma,2022-08-16,15,0
Oklahoma,2022-08-17,15,0
Oklahoma,2022-08-18,17,2
Oklahoma,2022-08-22,18,1
Oklahoma,2022-08-23,20,2
Oklahoma,2022-08-24,22,2
Oklahoma,2022-08-25,22,0
Oklahoma,2022-08-26,22,0
Oklahoma,2022-08-30,22,0
Oklahoma,2022-08-31,22,0
Oklahoma,2022-09-01,24,2
Oklahoma,2022-09-02,24,0
Oklahoma,2022-09-06,24,0
Oklahoma,2022-09-07,24,0
Oklahoma,2022-09-08,24,0
Oklahoma,2022-09-09,27,3
Oklahoma,2022-09-12,29,2
Oklahoma,2022-09-13,29,0
Oklahoma,2022-09-14,31,2
Oklahoma,2022-09-18,33,2
Oklahoma,2022-09-19,35,2
Oklahoma,2022-09-20,35,0
Oklahoma,2022-09-21,36,1
Oklahoma,2022-09-23,36,0
Oklahoma,2022-09-26,37,1
Oklahoma,2022-09-27,37,0
Oklahoma,2022-09-28,38,1
Oklahoma,2022-09-29,39,1
Oklahoma,2022-10-01,40,1
Oklahoma,2022-10-03,43,3
Oregon,2022-06-17,1,1
Oregon,2022-06-22,1,0
Oregon,2022-06-28,1,0
Oregon,2022-07-05,3,2
Oregon,2022-07-07,5,2
Oregon,2022-07-15,21,16
Oregon,2022-07-18,21,0
Oregon,2022-07-19,9,-12
Oregon,2022-07-21,9,0
Oregon,2022-07-22,36,27
Oregon,2022-07-25,40,4
Oregon,2022-07-26,40,0
Oregon,2022-07-27,51,11
Oregon,2022-07-28,58,7
Oregon,2022-07-29,58,0
Oregon,2022-08-03,75,17
Oregon,2022-08-10,93,18
Oregon,2022-08-12,95,2
Oregon,2022-08-15,96,1
Oregon,2022-08-16,105,9
Oregon,2022-08-17,116,11
Oregon,2022-08-18,116,0
Oregon,2022-08-22,141,25
Oregon,2022-08-23,141,0
Oregon,2022-08-24,141,0
Oregon,2022-08-25,141,0
Oregon,2022-08-26,141,0
Oregon,2022-08-30,141,0
Oregon,2022-08-31,141,0
Oregon,2022-09-01,141,0
Oregon,2022-09-02,141,0
Oregon,2022-09-06,141,0
Oregon,2022-09-07,141,0
Oregon,2022-09-08,141,0
Oregon,2022-09-09,141,0
Oregon,2022-09-12,141,0
Oregon,2022-09-13,183,42
Oregon,2022-09-14,183,0
Oregon,2022-09-18,183,0
Oregon,2022-09-19,185,2
Oregon,2022-09-20,185,0
Oregon,2022-09-21,203,18
Oregon,2022-09-23,205,2
Oregon,2022-09-26,212,7
Oregon,2022-09-27,214,2
Oregon,2022-09-28,214,0
Oregon,2022-09-29,214,0
Oregon,2022-10-01,216,2
Oregon,2022-10-03,216,0
Pennsylvania,2022-06-08,1,1
Pennsylvania,2022-06-17,2,1
Pennsylvania,2022-06-22,2,0
Pennsylvania,2022-06-28,4,2
Pennsylvania,2022-07-05,17,13
Pennsylvania,2022-07-07,16,-1
Pennsylvania,2022-07-15,43,27
Pennsylvania,2022-07-18,61,18
Pennsylvania,2022-07-19,64,3
Pennsylvania,2022-07-21,58,-6
Pennsylvania,2022-07-22,55,-3
Pennsylvania,2022-07-25,84,29
Pennsylvania,2022-07-26,95,11
Pennsylvania,2022-07-27,114,19
Pennsylvania,2022-07-28,124,10
Pennsylvania,2022-07-29,125,1
Pennsylvania,2022-08-03,173,48
Pennsylvania,2022-08-10,268,95
Pennsylvania,2022-08-12,298,30
Pennsylvania,2022-08-15,336,38
Pennsylvania,2022-08-16,353,17
Pennsylvania,2022-08-17,362,9
Pennsylvania,2022-08-18,371,9
Pennsylvania,2022-08-22,422,51
Pennsylvania,2022-08-23,443,21
Pennsylvania,2022-08-24,451,8
Pennsylvania,2022-08-25,465,14
Pennsylvania,2022-08-26,477,12
Pennsylvania,2022-08-30,531,54
Pennsylvania,2022-08-31,544,13
Pennsylvania,2022-09-01,561,17
Pennsylvania,2022-09-02,572,11
Pennsylvania,2022-09-06,603,31
Pennsylvania,2022-09-07,618,15
Pennsylvania,2022-09-08,624,6
Pennsylvania,2022-09-09,631,7
Pennsylvania,2022-09-12,649,18
Pennsylvania,2022-09-13,672,23
Pennsylvania,2022-09-14,678,6
Pennsylvania,2022-09-18,691,13
Pennsylvania,2022-09-19,703,12
Pennsylvania,2022-09-20,708,5
Pennsylvania,2022-09-21,713,5
Pennsylvania,2022-09-23,724,11
Pennsylvania,2022-09-26,727,3
Pennsylvania,2022-09-27,748,21
Pennsylvania,2022-09-28,754,6
Pennsylvania,2022-09-29,758,4
Pennsylvania,2022-10-01,763,5
Pennsylvania,2022-10-03,773,10
Puerto Rico,2022-07-05,1,1
Puerto Rico,2022-07-07,1,0
Puerto Rico,2022-07-15,4,3
Puerto Rico,2022-07-18,7,3
Puerto Rico,2022-07-19,6,-1
Puerto Rico,2022-07-21,12,6
Puerto Rico,2022-07-22,10,-2
Puerto Rico,2022-07-25,9,-1
Puerto Rico,2022-07-26,10,1
Puerto Rico,2022-07-27,10,0
Puerto Rico,2022-07-28,10,0
Puerto Rico,2022-07-29,14,4
Puerto Rico,2022-08-03,19,5
Puerto Rico,2022-08-10,32,13
Puerto Rico,2022-08-12,48,16
Puerto Rico,2022-08-15,48,0
Puerto Rico,2022-08-16,54,6
Puerto Rico,2022-08-17,66,12
Puerto Rico,2022-08-18,66,0
Puerto Rico,2022-08-22,77,11
Puerto Rico,2022-08-23,77,0
Puerto Rico,2022-08-24,90,13
Puerto Rico,2022-08-25,90,0
Puerto Rico,2022-08-26,97,7
Puerto Rico,2022-08-30,110,13
Puerto Rico,2022-08-31,111,1
Puerto Rico,2022-09-01,111,0
Puerto Rico,2022-09-02,111,0
Puerto Rico,2022-09-06,126,15
Puerto Rico,2022-09-07,126,0
Puerto Rico,2022-09-08,131,5
Puerto Rico,2022-09-09,134,3
Puerto Rico,2022-09-12,151,17
Puerto Rico,2022-09-13,151,0
Puerto Rico,2022-09-14,155,4
Puerto Rico,2022-09-18,160,5
Puerto Rico,2022-09-19,163,3
Puerto Rico,2022-09-20,163,0
Puerto Rico,2022-09-21,167,4
Puerto Rico,2022-09-23,170,3
Puerto Rico,2022-09-26,172,2
Puerto Rico,2022-09-27,172,0
Puerto Rico,2022-09-28,179,7
Puerto Rico,2022-09-29,179,0
Puerto Rico,2022-10-01,179,0
Puerto Rico,2022-10-03,183,4
Rhode Island,2022-06-17,1,1
Rhode Island,2022-06-22,1,0
Rhode Island,2022-06-28,1,0
Rhode Island,2022-07-05,1,0
Rhode Island,2022-07-07,1,0
Rhode Island,2022-07-15,4,3
Rhode Island,2022-07-18,6,2
Rhode Island,2022-07-19,7,1
Rhode Island,2022-07-21,7,0
Rhode Island,2022-07-22,9,2
Rhode Island,2022-07-25,10,1
Rhode Island,2022-07-26,13,3
Rhode Island,2022-07-27,16,3
Rhode Island,2022-07-28,19,3
Rhode Island,2022-07-29,19,0
Rhode Island,2022-08-03,26,7
Rhode Island,2022-08-10,32,6
Rhode Island,2022-08-12,31,-1
Rhode Island,2022-08-15,33,2
Rhode Island,2022-08-16,33,0
Rhode Island,2022-08-17,33,0
Rhode Island,2022-08-18,37,4
Rhode Island,2022-08-22,38,1
Rhode Island,2022-08-23,40,2
Rhode Island,2022-08-24,40,0
Rhode Island,2022-08-25,41,1
Rhode Island,2022-08-26,42,1
Rhode Island,2022-08-30,42,0
Rhode Island,2022-08-31,43,1
Rhode Island,2022-09-01,48,5
Rhode Island,2022-09-02,52,4
Rhode Island,2022-09-06,53,1
Rhode Island,2022-09-07,53,0
Rhode Island,2022-09-08,56,3
Rhode Island,2022-09-09,58,2
Rhode Island,2022-09-12,61,3
Rhode Island,2022-09-13,61,0
Rhode Island,2022-09-14,61,0
Rhode Island,2022-09-18,63,2
Rhode Island,2022-09-19,68,5
Rhode Island,2022-09-20,70,2
Rhode Island,2022-09-21,70,0
Rhode Island,2022-09-23,73,3
Rhode Island,2022-09-26,73,0
Rhode Island,2022-09-27,73,0
Rhode Island,2022-09-28,73,0
Rhode Island,2022-09-29,74,1
Rhode Island,2022-10-01,74,0
Rhode Island,2022-10-03,74,0
South Carolina,2022-07-15,4,4
South Carolina,2022-07-18,5,1
South Carolina,2022-07-19,6,1
South Carolina,2022-07-21,9,3
South Carolina,2022-07-22,7,-2
South Carolina,2022-07-25,12,5
South Carolina,2022-07-26,12,0
South Carolina,2022-07-27,13,1
South Carolina,2022-07-28,14,1
South Carolina,2022-07-29,16,2
South Carolina,2022-08-03,23,7
South Carolina,2022-08-10,44,21
South Carolina,2022-08-12,60,16
South Carolina,2022-08-15,63,3
South Carolina,2022-08-16,71,8
South Carolina,2022-08-17,73,2
South Carolina,2022-08-18,72,-1
South Carolina,2022-08-22,86,14
South Carolina,2022-08-23,90,4
South Carolina,2022-08-24,94,4
South Carolina,2022-08-25,95,1
South Carolina,2022-08-26,100,5
South Carolina,2022-08-30,113,13
South Carolina,2022-08-31,113,0
South Carolina,2022-09-01,114,1
South Carolina,2022-09-02,115,1
South Carolina,2022-09-06,119,4
South Carolina,2022-09-07,120,1
South Carolina,2022-09-08,123,3
South Carolina,2022-09-09,129,6
South Carolina,2022-09-12,131,2
South Carolina,2022-09-13,132,1
South Carolina,2022-09-14,133,1
South Carolina,2022-09-18,138,5
South Carolina,2022-09-19,142,4
South Carolina,2022-09-20,144,2
South Carolina,2022-09-21,149,5
South Carolina,2022-09-23,156,7
South Carolina,2022-09-26,160,4
South Carolina,2022-09-27,161,1
South Carolina,2022-09-28,164,3
South Carolina,2022-09-29,169,5
South Carolina,2022-10-01,169,0
South Carolina,2022-10-03,172,3
South Dakota,2022-07-15,1,1
South Dakota,2022-07-18,1,0
South Dakota,2022-07-19,1,0
South Dakota,2022-07-21,1,0
South Dakota,2022-07-22,1,0
South Dakota,2022-07-25,1,0
South Dakota,2022-07-26,1,0
South Dakota,2022-07-27,1,0
South Dakota,2022-07-28,1,0
South Dakota,2022-07-29,1,0
South Dakota,2022-08-03,1,0
South Dakota,2022-08-10,2,1
South Dakota,2022-08-12,2,0
South Dakota,2022-08-15,2,0
South Dakota,2022-08-16,2,0
South Dakota,2022-08-17,2,0
South Dakota,2022-08-18,2,0
South Dakota,2022-08-22,2,0
South Dakota,2022-08-23,2,0
South Dakota,2022-08-24,2,0
South Dakota,2022-08-25,2,0
South Dakota,2022-08-26,2,0
South Dakota,2022-08-30,2,0
South Dakota,2022-08-31,2,0
South Dakota,2022-09-01,2,0
South Dakota,2022-09-02,2,0
South Dakota,2022-09-06,2,0
South Dakota,2022-09-07,2,0
South Dakota,2022-09-08,2,0
South Dakota,2022-09-09,2,0
South Dakota,2022-09-12,2,0
South Dakota,2022-09-13,2,0
South Dakota,2022-09-14,2,0
South Dakota,2022-09-18,2,0
South Dakota,2022-09-19,2,0
South Dakota,2022-09-20,2,0
South Dakota,2022-09-21,2,0
South Dakota,2022-09-23,2,0
South Dakota,2022-09-26,2,0
South Dakota,2022-09-27,2,0
South Dakota,2022-09-28,2,0
South Dakota,2022-09-29,2,0
South Dakota,2022-10-01,2,0
South Dakota,2022-10-03,2,0
Tennessee,2022-07-15,6,6
Tennessee,2022-07-18,8,2
Tennessee,2022-07-19,10,2
Tennessee,2022-07-21,16,6
Tennessee,2022-07-22,15,-1
Tennessee,2022-07-25,18,3
Tennessee,2022-07-26,20,2
Tennessee,2022-07-27,21,1
Tennessee,2022-07-28,24,3
Tennessee,2022-07-29,26,2
Tennessee,2022-08-03,39,13
Tennessee,2022-08-10,62,23
Tennessee,2022-08-12,67,5
Tennessee,2022-08-15,87,20
Tennessee,2022-08-16,93,6
Tennessee,2022-08-17,99,6
Tennessee,2022-08-18,107,8
Tennessee,2022-08-22,137,30
Tennessee,2022-08-23,139,2
Tennessee,2022-08-24,139,0
Tennessee,2022-08-25,152,13
Tennessee,2022-08-26,156,4
Tennessee,2022-08-30,176,20
Tennessee,2022-08-31,181,5
Tennessee,2022-09-01,189,8
Tennessee,2022-09-02,192,3
Tennessee,2022-09-06,208,16
Tennessee,2022-09-07,213,5
Tennessee,2022-09-08,212,-1
Tennessee,2022-09-09,212,0
Tennessee,2022-09-12,212,0
Tennessee,2022-09-13,232,20
Tennessee,2022-09-14,239,7
Tennessee,2022-09-18,249,10
Tennessee,2022-09-19,257,8
Tennessee,2022-09-20,259,2
Tennessee,2022-09-21,264,5
Tennessee,2022-09-23,273,9
Tennessee,2022-09-26,281,8
Tennessee,2022-09-27,284,3
Tennessee,2022-09-28,282,-2
Tennessee,2022-09-29,287,5
Tennessee,2022-10-01,292,5
Tennessee,2022-10-03,309,17
Texas,2022-06-08,1,1
Texas,2022-06-17,2,1
Texas,2022-06-22,4,2
Texas,2022-06-28,7,3
Texas,2022-07-05,20,13
Texas,2022-07-07,23,3
Texas,2022-07-15,76,53
Texas,2022-07-18,80,4
Texas,2022-07-19,81,1
Texas,2022-07-21,61,-20
Texas,2022-07-22,107,46
Texas,2022-07-25,220,113
Texas,2022-07-26,223,3
Texas,2022-07-27,287,64
Texas,2022-07-28,315,28
Texas,2022-07-29,351,36
Texas,2022-08-03,527,176
Texas,2022-08-10,780,253
Texas,2022-08-12,815,35
Texas,2022-08-15,992,177
Texas,2022-08-16,1048,56
Texas,2022-08-17,1078,30
Texas,2022-08-18,1079,1
Texas,2022-08-22,1283,204
Texas,2022-08-23,1340,57
Texas,2022-08-24,1374,34
Texas,2022-08-25,1432,58
Texas,2022-08-26,1472,40
Texas,2022-08-30,1642,170
Texas,2022-08-31,1664,22
Texas,2022-09-01,1698,34
Texas,2022-09-02,1730,32
Texas,2022-09-06,1859,129
Texas,2022-09-07,1871,12
Texas,2022-09-08,1901,30
Texas,2022-09-09,1929,28
Texas,2022-09-12,1929,0
Texas,2022-09-13,2017,88
Texas,2022-09-14,2017,0
Texas,2022-09-18,2017,0
Texas,2022-09-19,2150,133
Texas,2022-09-20,2170,20
Texas,2022-09-21,2179,9
Texas,2022-09-23,2225,46
Texas,2022-09-26,2268,43
Texas,2022-09-27,2292,24
Texas,2022-09-28,2299,7
Texas,2022-09-29,2311,12
Texas,2022-10-01,2327,16
Texas,2022-10-03,2372,45
Total,2022-08-10,10392,10392
Total,2022-08-12,11177,785
Total,2022-08-15,11890,713
Total,2022-08-16,12689,799
Total,2022-08-17,13517,828
Total,2022-08-18,14115,598
Total,2022-08-22,15433,1318
Total,2022-08-23,15909,476
Total,2022-08-24,16603,694
Total,2022-08-25,16926,323
Total,2022-08-26,17432,506
Total,2022-08-30,18417,985
Total,2022-08-31,18989,572
Total,2022-09-01,19465,476
Total,2022-09-02,19962,497
Total,2022-09-06,20733,771
Total,2022-09-07,21274,541
Total,2022-09-08,21504,230
Total,2022-09-09,21894,390
Total,2022-09-12,21985,91
Total,2022-09-13,22630,645
Total,2022-09-14,22774,144
Total,2022-09-18,23499,725
Total,2022-09-19,23893,394
Total,2022-09-20,24203,310
Total,2022-09-21,24364,161
Total,2022-09-23,24846,482
Total,2022-09-26,25162,316
Total,2022-09-27,25341,179
Total,2022-09-28,25509,168
Total,2022-09-29,25613,104
Total,2022-10-01,25851,238
Total,2022-10-03,26049,198
Utah,2022-06-08,2,2
Utah,2022-06-17,2,0
Utah,2022-06-22,3,1
Utah,2022-06-28,4,1
Utah,2022-07-05,5,1
Utah,2022-07-07,6,1
Utah,2022-07-15,13,7
Utah,2022-07-18,13,0
Utah,2022-07-19,13,0
Utah,2022-07-21,11,-2
Utah,2022-07-22,13,2
Utah,2022-07-25,11,-2
Utah,2022-07-26,22,11
Utah,2022-07-27,22,0
Utah,2022-07-28,27,5
Utah,2022-07-29,27,0
Utah,2022-08-03,41,14
Utah,2022-08-10,57,16
Utah,2022-08-12,69,12
Utah,2022-08-15,73,4
Utah,2022-08-16,73,0
Utah,2022-08-17,73,0
Utah,2022-08-18,77,4
Utah,2022-08-22,89,12
Utah,2022-08-23,89,0
Utah,2022-08-24,89,0
Utah,2022-08-25,90,1
Utah,2022-08-26,93,3
Utah,2022-08-30,99,6
Utah,2022-08-31,100,1
Utah,2022-09-01,103,3
Utah,2022-09-02,103,0
Utah,2022-09-06,110,7
Utah,2022-09-07,111,1
Utah,2022-09-08,117,6
Utah,2022-09-09,120,3
Utah,2022-09-12,120,0
Utah,2022-09-13,128,8
Utah,2022-09-14,128,0
Utah,2022-09-18,133,5
Utah,2022-09-19,140,7
Utah,2022-09-20,145,5
Utah,2022-09-21,149,4
Utah,2022-09-23,149,0
Utah,2022-09-26,150,1
Utah,2022-09-27,152,2
Utah,2022-09-28,157,5
Utah,2022-09-29,159,2
Utah,2022-10-01,160,1
Utah,2022-10-03,161,1
Vermont,2022-08-03,1,1
Vermont,2022-08-10,1,0
Vermont,2022-08-12,2,1
Vermont,2022-08-15,2,0
Vermont,2022-08-16,2,0
Vermont,2022-08-17,2,0
Vermont,2022-08-18,2,0
Vermont,2022-08-22,2,0
Vermont,2022-08-23,2,0
Vermont,2022-08-24,2,0
Vermont,2022-08-25,2,0
Vermont,2022-08-26,2,0
Vermont,2022-08-30,3,1
Vermont,2022-08-31,3,0
Vermont,2022-09-01,3,0
Vermont,2022-09-02,3,0
Vermont,2022-09-06,3,0
Vermont,2022-09-07,3,0
Vermont,2022-09-08,3,0
Vermont,2022-09-09,3,0
Vermont,2022-09-12,3,0
Vermont,2022-09-13,3,0
Vermont,2022-09-14,3,0
Vermont,2022-09-18,3,0
Vermont,2022-09-19,3,0
Vermont,2022-09-20,3,0
Vermont,2022-09-21,3,0
Vermont,2022-09-23,3,0
Vermont,2022-09-26,3,0
Vermont,2022-09-27,3,0
Vermont,2022-09-28,3,0
Vermont,2022-09-29,3,0
Vermont,2022-10-01,3,0
Vermont,2022-10-03,3,0
Virginia,2022-06-08,1,1
Virginia,2022-06-17,1,0
Virginia,2022-06-22,1,0
Virginia,2022-06-28,3,2
Virginia,2022-07-05,13,10
Virginia,2022-07-07,17,4
Virginia,2022-07-15,44,27
Virginia,2022-07-18,44,0
Virginia,2022-07-19,41,-3
Virginia,2022-07-21,40,-1
Virginia,2022-07-22,40,0
Virginia,2022-07-25,39,-1
Virginia,2022-07-26,40,1
Virginia,2022-07-27,39,-1
Virginia,2022-07-28,76,37
Virginia,2022-07-29,76,0
Virginia,2022-08-03,105,29
Virginia,2022-08-10,175,70
Virginia,2022-08-12,175,0
Virginia,2022-08-15,175,0
Virginia,2022-08-16,189,14
Virginia,2022-08-17,189,0
Virginia,2022-08-18,229,40
Virginia,2022-08-22,263,34
Virginia,2022-08-23,263,0
Virginia,2022-08-24,284,21
Virginia,2022-08-25,284,0
Virginia,2022-08-26,302,18
Virginia,2022-08-30,325,23
Virginia,2022-08-31,339,14
Virginia,2022-09-01,339,0
Virginia,2022-09-02,353,14
Virginia,2022-09-06,364,11
Virginia,2022-09-07,364,0
Virginia,2022-09-08,389,25
Virginia,2022-09-09,389,0
Virginia,2022-09-12,397,8
Virginia,2022-09-13,409,12
Virginia,2022-09-14,422,13
Virginia,2022-09-18,430,8
Virginia,2022-09-19,440,10
Virginia,2022-09-20,440,0
Virginia,2022-09-21,440,0
Virginia,2022-09-23,452,12
Virginia,2022-09-26,464,12
Virginia,2022-09-27,464,0
Virginia,2022-09-28,464,0
Virginia,2022-09-29,464,0
Virginia,2022-10-01,484,20
Virginia,2022-10-03,484,0
Washington,2022-06-08,1,1
Washington,2022-06-17,2,1
Washington,2022-06-22,4,2
Washington,2022-06-28,6,2
Washington,2022-07-05,7,1
Washington,2022-07-07,10,3
Washington,2022-07-15,41,31
Washington,2022-07-18,43,2
Washington,2022-07-19,44,1
Washington,2022-07-21,53,9
Washington,2022-07-22,60,7
Washington,2022-07-25,69,9
Washington,2022-07-26,69,0
Washington,2022-07-27,103,34
Washington,2022-07-28,108,5
Washington,2022-07-29,120,12
Washington,2022-08-03,134,14
Washington,2022-08-10,220,86
Washington,2022-08-12,251,31
Washington,2022-08-15,262,11
Washington,2022-08-16,272,10
Washington,2022-08-17,303,31
Washington,2022-08-18,314,11
Washington,2022-08-22,328,14
Washington,2022-08-23,328,0
Washington,2022-08-24,328,0
Washington,2022-08-25,332,4
Washington,2022-08-26,332,0
Washington,2022-08-30,332,0
Washington,2022-08-31,332,0
Washington,2022-09-01,467,135
Washington,2022-09-02,474,7
Washington,2022-09-06,474,0
Washington,2022-09-07,484,10
Washington,2022-09-08,502,18
Washington,2022-09-09,506,4
Washington,2022-09-12,506,0
Washington,2022-09-13,520,14
Washington,2022-09-14,535,15
Washington,2022-09-18,547,12
Washington,2022-09-19,556,9
Washington,2022-09-20,564,8
Washington,2022-09-21,575,11
Washington,2022-09-23,583,8
Washington,2022-09-26,583,0
Washington,2022-09-27,587,4
Washington,2022-09-28,593,6
Washington,2022-09-29,600,7
Washington,2022-10-01,599,-1
Washington,2022-10-03,600,1
West Virginia,2022-07-15,1,1
West Virginia,2022-07-18,1,0
West Virginia,2022-07-19,1,0
West Virginia,2022-07-21,1,0
West Virginia,2022-07-22,1,0
West Virginia,2022-07-25,1,0
West Virginia,2022-07-26,1,0
West Virginia,2022-07-27,2,1
West Virginia,2022-07-28,3,1
West Virginia,2022-07-29,3,0
West Virginia,2022-08-03,3,0
West Virginia,2022-08-10,4,1
West Virginia,2022-08-12,4,0
West Virginia,2022-08-15,4,0
West Virginia,2022-08-16,4,0
West Virginia,2022-08-17,5,1
West Virginia,2022-08-18,5,0
West Virginia,2022-08-22,4,-1
West Virginia,2022-08-23,4,0
West Virginia,2022-08-24,4,0
West Virginia,2022-08-25,4,0
West Virginia,2022-08-26,5,1
West Virginia,2022-08-30,5,0
West Virginia,2022-08-31,5,0
West Virginia,2022-09-01,5,0
West Virginia,2022-09-02,8,3
West Virginia,2022-09-06,8,0
West Virginia,2022-09-07,8,0
West Virginia,2022-09-08,8,0
West Virginia,2022-09-09,10,2
West Virginia,2022-09-12,10,0
West Virginia,2022-09-13,10,0
West Virginia,2022-09-14,10,0
West Virginia,2022-09-18,11,1
West Virginia,2022-09-19,11,0
West Virginia,2022-09-20,11,0
West Virginia,2022-09-21,11,0
West Virginia,2022-09-23,11,0
West Virginia,2022-09-26,11,0
West Virginia,2022-09-27,11,0
West Virginia,2022-09-28,11,0
West Virginia,2022-09-29,12,1
West Virginia,2022-10-01,12,0
West Virginia,2022-10-03,12,0
Wisconsin,2022-07-05,1,1
Wisconsin,2022-07-07,1,0
Wisconsin,2022-07-15,6,5
Wisconsin,2022-07-18,6,0
Wisconsin,2022-07-19,6,0
Wisconsin,2022-07-21,6,0
Wisconsin,2022-07-22,6,0
Wisconsin,2022-07-25,9,3
Wisconsin,2022-07-26,12,3
Wisconsin,2022-07-27,13,1
Wisconsin,2022-07-28,13,0
Wisconsin,2022-07-29,13,0
Wisconsin,2022-08-03,19,6
Wisconsin,2022-08-10,31,12
Wisconsin,2022-08-12,31,0
Wisconsin,2022-08-15,31,0
Wisconsin,2022-08-16,31,0
Wisconsin,2022-08-17,43,12
Wisconsin,2022-08-18,43,0
Wisconsin,2022-08-22,43,0
Wisconsin,2022-08-23,43,0
Wisconsin,2022-08-24,56,13
Wisconsin,2022-08-25,56,0
Wisconsin,2022-08-26,56,0
Wisconsin,2022-08-30,56,0
Wisconsin,2022-08-31,56,0
Wisconsin,2022-09-01,56,0
Wisconsin,2022-09-02,56,0
Wisconsin,2022-09-06,56,0
Wisconsin,2022-09-07,56,0
Wisconsin,2022-09-08,56,0
Wisconsin,2022-09-09,56,0
Wisconsin,2022-09-12,56,0
Wisconsin,2022-09-13,64,8
Wisconsin,2022-09-14,64,0
Wisconsin,2022-09-18,64,0
Wisconsin,2022-09-19,69,5
Wisconsin,2022-09-20,69,0
Wisconsin,2022-09-21,69,0
Wisconsin,2022-09-23,69,0
Wisconsin,2022-09-26,75,6
Wisconsin,2022-09-27,75,0
Wisconsin,2022-09-28,75,0
Wisconsin,2022-09-29,75,0
Wisconsin,2022-10-01,75,0
Wisconsin,2022-10-03,76,1
Wyoming,2022-08-10,0,0
Wyoming,2022-08-12,0,0
Wyoming,2022-08-15,0,0
Wyoming,2022-08-16,0,0
Wyoming,2022-08-17,0,0
Wyoming,2022-08-18,0,0
Wyoming,2022-08-22,1,1
Wyoming,2022-08-23,1,0
Wyoming,2022-08-24,1,0
Wyoming,2022-08-25,1,0
Wyoming,2022-08-26,1,0
Wyoming,2022-08-30,2,1
Wyoming,2022-08-31,2,0
Wyoming,2022-09-01,2,0
Wyoming,2022-09-02,2,0
Wyoming,2022-09-06,2,0
Wyoming,2022-09-07,2,0
Wyoming,2022-09-08,2,0
Wyoming,2022-09-09,2,0
Wyoming,2022-09-12,2,0
Wyoming,2022-09-13,2,0
Wyoming,2022-09-14,2,0
Wyoming,2022-09-18,2,0
Wyoming,2022-09-19,2,0
Wyoming,2022-09-20,2,0
Wyoming,2022-09-21,2,0
Wyoming,2022-09-23,2,0
Wyoming,2022-09-26,2,0
Wyoming,2022-09-27,4,2
Wyoming,2022-09-28,4,0
Wyoming,2022-09-29,4,0
Wyoming,2022-10-01,4,0
Wyoming,2022-10-03,4,0
